Name,Description,Failure,Energy,Source,ImageURL
ビル・ゲイツ,実業家,ビル・ゲイツが初期に携わったTraf-O-Dataは、道路交通量をデジタル解析する先進的試みであったが、当時の技術力不足から機器の故障、データの不正確さ、及びシステム運用・保守の困難さが重なり、十分な信頼性やコスト効率を確保できなかった。結果、事業は収益化せず短期間で終息し、実用化には至らなかった。,この経験から、ゲイツは技術と実用性の両立の重要性を痛感。失敗を糧に柔軟な発想と厳密な検証を重ね、後のマイクロソフト設立と成長の基盤を築く挑戦へと繋げた。,Wikipedia(https://ja.wikipedia.org/wiki/Traf-O-Data),https://maketastorage.blob.core.windows.net/uploads/Bill-Gates.png
スティーブ・ジョブズ,Apple共同創業者・実業家,1985年、スティーブ・ジョブズは自身が創業したApple社内で、経営戦略とリーダーシップを巡る激しい対立の末、取締役会からの信頼を失い追放された。彼の独創性と完璧主義が一部経営陣との軋轢を招き、短期的な利益追求が優先される中でその意見が排除された結果、会社から退けられることとなり、大きな挫折と公的批判を受けた。,追放後、ジョブズはNeXTやピクサーで再起を図り、失敗から学んだ革新の精神を活かしてApple復帰に繋げ、iMac、iPod、iPhoneなど革新的製品を生み出すことで自己の成長と企業再生を実現した。,Wikipedia(https://ja.wikipedia.org/wiki/スティーブ・ジョブズ),https://maketastorage.blob.core.windows.net/uploads/SteveJobs.png
チャールズ・ダーウィン,博物学者,『種の起源』発表後、ダーウィンは宗教界から「神の創造を否定する冒涜」との非難を浴び、教会関係者から公然の中傷や激しい批判に晒された。同時に学界では、従来の固定観念を覆す斬新な理論として、実証資料の不足を理由に保守派学者や自然神学者から論争と孤立を招いた。原因は、当時の遺伝の仕組みが不明確で、伝統的宗教観と激しく対立した点にあった。,激しい批判に直面したダーウィンは、徹底した観察と証拠収集に努め、論理と実証を強化することで理論を磨き、進化論の普及と後世の科学的進展へと繋げた。,Wikipedia(https://ja.wikipedia.org/wiki/種の起源),https://maketastorage.blob.core.windows.net/uploads/darwin.jpg
アブラハム・リンカーン,第16代アメリカ大統領,若き日のリンカーンは、新サレムで一般商店や鉄道資材販売など複数の事業に挑戦したが、経験不足と資金難、経営戦略の未熟さにより十分な利益を上げられず、経営不振と財政難に陥った。市場動向や顧客ニーズの把握不足が主な原因であった。,これらの失敗から自己の限界を痛感し、失敗を学びに変える姿勢を身につけたリンカーンは、後に法律や政治の道で誠実な努力と忍耐を重ね、国家統一に導く偉大なリーダーへと成長した。,Wikipedia(https://ja.wikipedia.org/wiki/エイブラハム・リンカーン),https://maketastorage.blob.core.windows.net/uploads/Lincoln.jpg
マリー・キュリー,物理学者・化学者,マリー・キュリーは、ポーランドからフランスに移住し、女性科学者としての地位を築く過程で、当時の科学界における性別や国籍による偏見に直面しました。彼女の研究は、女性であることや外国人であることから、当初は十分に評価されず、科学アカデミーへの入会も拒否されるなどの困難を経験しました。,これらの困難にもかかわらず、彼女は研究を続け、ラジウムとポロニウムの発見などの成果を挙げ、最終的にはノーベル賞を二度受賞するなど、科学界での地位を確立しました。,https://www.hamajima.co.jp/rika-binran/scientist/Curie_Marie.html,https://maketastorage.blob.core.windows.net/uploads/Curie.png
アイザック・ニュートン,物理学者・数学者,研究に没頭するあまり、周囲との人間関係をほとんど絶ち、孤独な生活を送った。特に、錬金術の研究に没頭した時期は、昼夜を問わず実験を繰り返し、食事も睡眠も忘れるほどであった。その結果、精神的に不安定になり、友人や同僚との間に度々論争を引き起こした。原因は、完璧主義的な性格と、研究への異常なまでの執着心にあった。また、内向的な性格から、他者とのコミュニケーションを避ける傾向があった。,孤独な研究生活で培われた集中力と探求心は、彼の偉大な業績の礎となった。万有引力の法則や微積分法の発見など、人類の歴史に残る成果は、孤独な環境でこそ生まれたと言える。また、晩年は王立協会の会長として、科学の発展に貢献した。,https://ja.wikipedia.org/wiki/%E3%82%A2%E3%82%A4%E3%82%B6%E3%83%83%E3%82%AF%E3%83%BB%E3%83%8B%E3%83%A5%E3%83%BC%E3%83%88%E3%83%B3,https://maketastorage.blob.core.windows.net/uploads/IsaacNewton.png
ガリレオ・ガリレイ,物理学者・天文学者,1633年、ガリレオは地動説を支持する著作「天文対話」を出版。これが教会の教義に反するとされ、宗教裁判にかけられた。裁判では、ガリレオは自説の撤回を迫られ、有罪判決を受けた。具体的には、異端の疑いをかけられ、終身刑を宣告された。その後、彼の著作は禁書とされ、自宅軟禁の身となった。原因は、当時の教会権力が、聖書の解釈を絶対視し、科学的真実を認めなかったことにある。また、ガリレオの挑発的な言動も、教会との対立を深めた。,この経験から、ガリレオは科学的真実を追求する姿勢を貫きつつ、社会との対話を模索した。自宅軟禁中も研究を続け、新たな著作「新科学対話」を執筆。この著作は、力学の分野における重要な貢献となり、彼の科学的遺産を後世に伝えることになった。,https://ja.wikipedia.org/wiki/%E3%82%AC%E3%83%AA%E3%83%AC%E3%82%AA%E3%83%BB%E3%82%AC%E3%83%AA%E3%83%AC%E3%82%A4,https://maketastorage.blob.core.windows.net/uploads/GalileoGalilei.png
オードリー・ヘプバーン,女優,幼少期、バレリーナを目指し厳しい訓練を積んでいたが、第二次世界大戦中にオランダでナチス占領を経験。食糧不足により栄養失調となり、身長170cmに対して体重が40kgを下回る状態が続いた。バレエに必要な筋肉と体力を失い、プロのバレリーナとしてのキャリアを断念せざるを得なかった。また、精神的にも大きな打撃を受け、将来への希望を失いかけた。原因は、戦争による過酷な環境と、成長期における深刻な栄養不足である。,バレリーナの夢を諦めたヘプバーンは、演技への情熱を新たにし、舞台女優としてのキャリアをスタートさせた。バレエで培った表現力と優雅さは、女優としての彼女の魅力を際立たせ、数々の名作映画に出演するきっかけとなった。また、ユニセフ親善大使として世界中の子供たちを支援するなど、慈善活動にも力を注いだ。,https://ja.wikipedia.org/wiki/%E3%82%AA%E3%83%BC%E3%83%89%E3%83%AA%E3%83%BC%E3%83%BB%E3%83%98%E3%83%97%E3%83%90%E3%83%BC%E3%83%B3,https://maketastorage.blob.core.windows.net/uploads/AudreyHepburn.jpg
マハトマ・ガンジー,弁護士・インド独立運動指導者,イギリスで弁護士資格を取得後、インドで弁護士業を開始。しかし、内向的な性格が災いし、法廷での弁論中に極度の緊張から声が出なくなる、質問に答えられないなどの失敗を繰り返した。特に、初めての裁判では、依頼人の弁護中に完全に言葉を失い、弁護を放棄する結果となった。この失敗は、法廷での弁論技術不足と、人前で話すことへの強い苦手意識が原因であった。また、当時のインド社会における弁護士としての競争の激しさも、彼の自信を喪失させる要因となった。,弁護士業の失敗から、ガンジーは自己の内面と向き合い、克服すべき課題を認識した。彼は、公の場での発言力を高めるために、積極的に集会や討論会に参加し、弁論術を磨いた。また、自己の内向的な性格を克服するために、瞑想や内省を深め、精神的な成長を遂げた。これらの経験は、彼の非暴力・不服従運動における指導力と、人々の心を動かす演説力の基盤となった。,https://ja.wikipedia.org/wiki/%E3%83%9E%E3%83%8F%E3%83%88%E3%83%9E%E3%83%BB%E3%82%AC%E3%83%B3%E3%83%87%E3%82%A3%E3%83%BC,https://maketastorage.blob.core.windows.net/uploads/Gandhi.png
坂本龍馬,志士,1862年、龍馬は土佐藩を脱藩。しかし、当時の龍馬は具体的な目的や計画を持たず、ただ「天下を見てみたい」という衝動的な思いから脱藩した。そのため、脱藩後に何をすべきか明確なビジョンを持っておらず、経済的な基盤もなかった。結果、生活に困窮し、土佐藩に戻らざるを得ない状況に追い込まれた。この失敗は、無計画な行動がもたらす現実の厳しさを痛感させると同時に、龍馬自身の甘さを露呈する出来事となった。原因は、若さゆえの経験不足と、理想を現実的な計画に落とし込む能力の欠如にあった。,この経験から、龍馬は計画性と目的意識の重要性を学び、後の行動に活かした。勝海舟との出会いを経て、海軍操練所の設立や薩長同盟の仲介など、具体的な目標に基づいた行動をとるようになった。また、経済的な基盤の重要性も認識し、海援隊の設立に繋げた。,https://ja.wikipedia.org/wiki/%E5%9D%82%E6%9C%AC%E9%BE%8D%E9%A6%AC,https://maketastorage.blob.core.windows.net/uploads/Ryoma.jpg
ナポレオン・ボナパルト,フランス皇帝,1798年、ナポレオンはイギリスのインド進出を阻止し、フランスの東方における覇権を確立するため、エジプト遠征を敢行。しかし、アブキール湾の海戦でイギリス艦隊に壊滅的な敗北を喫し、フランス艦隊はほぼ全滅。これにより、フランス軍は補給路を断たれ、エジプトでの孤立を余儀なくされた。また、ナポレオン自身も、本国からの情報が途絶え、政治情勢の変化に対応できなくなった。原因は、イギリス海軍の卓越した戦術と、フランス海軍の準備不足、そしてナポレオンの過信にあった。,エジプト遠征の失敗は、ナポレオンにとって大きな挫折であったが、彼はこの経験から戦略の重要性を再認識し、後の戦役で慎重な計画を立てるようになった。また、エジプトで得た知識や経験は、彼の視野を広げ、後の政治・軍事活動に影響を与えた。,https://ja.wikipedia.org/wiki/%E3%83%8A%E3%83%9D%E3%83%AC%E3%82%AA%E3%83%B3%E3%83%BB%E3%83%9C%E3%83%8A%E3%83%91%E3%83%AB%E3%83%88,https://maketastorage.blob.core.windows.net/uploads/Napoleone.png
トーマス・エジソン,発明家,若い頃、駅で電信技師として働いていたエジソンは、実験中に化学薬品をこぼし、引火。その火災が原因で貨物車両が燃え、列車が衝突する事故を引き起こした。この事故により、エジソンは職を失い、さらに聴覚を悪化させる怪我を負った。原因は、実験に対する安全意識の欠如と、職場での不注意な行動にあった。また、若さゆえの経験不足も、事故の一因となった。,この事故をきっかけに、エジソンは安全に対する意識を高め、実験環境を改善した。また、聴覚障害を抱えながらも、研究開発への情熱を失わず、数々の発明に繋げた。失敗から学び、安全性を重視する姿勢は、後の彼の発明活動に大きな影響を与えた。,https://ja.wikipedia.org/wiki/%E3%83%88%E3%83%BC%E3%83%9E%E3%82%B9%E3%83%BB%E3%82%A8%E3%82%B8%E3%82%BD%E3%83%B3,https://maketastorage.blob.core.windows.net/uploads/ThomasEdison.jpg
アルバート・アインシュタイン,物理学者,大学卒業後、アインシュタインは教職を求め、大学や研究機関に履歴書を送付したが、ことごとく不採用となった。教授たちとの議論で時に反論するなど、権威を重んじる当時の学界の慣習に馴染めなかったことや、論文発表が少なく実績不足とみなされたことが原因である。また、型破りな性格や、講義よりも研究を優先する姿勢も、教職を得る上で不利に働いた。具体的には、チューリッヒ工科大学卒業後、助手としての職を得られず、家族の支援を受ける状況が続いた。その後、スイス特許庁の職を得るまでの約2年間、経済的に困窮した。,教職を得られなかった経験は、アインシュタインにとって大きな挫折であったが、彼はこの経験から、既存の学界の慣習にとらわれず、自身の信念に基づいて研究を進める決意を固めた。スイス特許庁での職を得た後も、彼は業務の合間に研究を続け、1905年には「奇跡の年」と呼ばれるほどの画期的な論文を発表し、その後の科学界に大きな影響を与えた。,https://ja.wikipedia.org/wiki/%E3%82%A2%E3%83%AB%E3%83%90%E3%83%BC%E3%83%88%E3%83%BB%E3%82%A2%E3%82%A4%E3%83%B3%E3%82%B7%E3%83%A5%E3%82%BF%E3%82%A4%E3%83%B3,https://maketastorage.blob.core.windows.net/uploads/AlbertEinstein.jpg
アーサー・コナン・ドイル,作家・医師,エディンバラ大学医学部を卒業後、ドイルは開業医として活動を始めた。しかし、患者はほとんど訪れず、経済的に困窮した。待合室で暇を持て余し、小説執筆に時間を費やす日々が続いた。特に、最初の医院を開業したポーツマスでは、数年間で数えるほどの患者しか診ることができなかった。また、2番目の医院をロンドンに開いたときも、患者の少なさは変わらなかった。原因は、開業した場所の選定ミス、宣伝不足、そして当時の医療界における競争の激しさなどが考えられる。また、ドイル自身も、医師としての活動よりも、執筆活動に情熱を傾けていたことも、開業医としての成功を妨げた。,開業医としての失敗は、ドイルに執筆活動に専念する決意をさせた。経済的な苦境を脱するため、彼は執筆に力を入れ、シャーロック・ホームズシリーズなどの作品を生み出した。医師としての経験は、彼の作品にリアリティを与え、読者を魅了する要素となった。,https://ja.wikipedia.org/wiki/%E3%82%A2%E3%83%BC%E3%82%B5%E3%83%BC%E3%83%BB%E3%82%B3%E3%83%8A%E3%83%B3%E3%83%BB%E3%83%89%E3%82%A4%E3 1 %83%AB,https://maketastorage.blob.core.windows.net/uploads/ArthurConanDoyle.png
マーティン・ルーサー・キング・ジュニア,公民権運動指導者,1961年、キング牧師はジョージア州オールバニで、バスの人種隔離廃止、レストランや図書館などの公共施設の利用差別撤廃、選挙登録の促進など、広範な目標を掲げた運動を開始。しかし、地元警察署長の巧妙な戦略により、運動は組織化されず、参加者の逮捕が相次いだ。また、目標が多岐にわたったため、運動の焦点がぼやけ、市民の支持を得ることが難しかった。結果、運動は具体的な成果を上げられず、失敗に終わった。原因は、目標設定の甘さと、地元当局の戦略を見抜けなかったことにある。,オールバニ運動の失敗から、キング牧師は目標を絞り、具体的な戦略を立てることの重要性を学んだ。この経験を活かし、翌年のバーミングハム運動では、人種隔離された公共施設の利用差別撤廃に焦点を絞り、具体的な成果を上げた。,https://ja.wikipedia.org/wiki/%E3%83%9E%E3%83%BC%E3%83%86%E3%82%A3%E3%83%B3%E3%83%BB%E3%83%AB%E3%83%BC%E3%82%B5%E3%83%BC%E3%83%BB%E3%82%AD%E3%83%B3%E3%82%B0% 1 E3%83%BB%E3%82%B8%E3%83%A5%E3%83%8B%E3%82%A2,https://maketastorage.blob.core.windows.net/uploads/MartinLutherKingJr.png
ジョージ・ワシントン,初代アメリカ合衆国大統領・軍事指導者,1754年、フレンチ・インディアン戦争中、若きワシントンはフォート・ネセサリティでフランス軍に敗北し、降伏を余儀なくされた。経験不足、戦略の未熟さ、補給体制の不備が原因で、この挫折は彼の初期軍事キャリアに深刻な打撃を与えた。,この敗北を通じ、ワシントンは軍事戦略と補給の重要性を徹底的に学び、後の独立戦争では統率力と計画性を発揮。失敗を糧に国家建設の礎を築く決意へと繋げた。,Wikipedia(https://ja.wikipedia.org/wiki/ジョージ・ワシントン),https://maketastorage.blob.core.windows.net/uploads/GeorgeWashington.png